Id,FirstName,LastName,Email,JobTitle,Title
1,Jay,Pidgley,jpidgley0@slashdot.org,g,g
2,Andreas,Jedrzejewicz,ajedrzejewicz1@unblog.fr,Clinical Specialist,Mrs
3,Brandice,McSweeney,bmcsweeney2@ycombinator.com,Account Coordinator,Ms
4,Deanne,Mularkey,dmularkey3@usgs.gov,VP Product Management,Mrs
5,Domenic,D'Antoni,ddantoni4@squidoo.com,Senior Financial Analyst,Honorable
6,Winifield,Kermath,wkermath5@chicagotribune.com,Safety Technician II,Dr
7,Harlin,Bolmann,hbolmann6@phpbb.com,Human Resources Manager,Honorable
8,Edward,Riby,eriby7@free.fr,Office Assistant III,Mr
9,Esme,Jaggi,ejaggi8@virginia.edu,Pharmacist,Mr
10,Audrie,Crookshanks,acrookshanks9@cam.ac.uk,Financial Advisor,Mr
11,Matti,Mil,mmila@xinhuanet.com,Human Resources Assistant IV,Rev
12,Thea,Buckie,tbuckieb@behance.net,Biostatistician I,Mrs
13,Wilek,Perotti,wperottic@cpanel.net,Teacher,Mr
14,Bea,Fairhead,bfairheadd@xing.com,Accountant II,Honorable
15,Valerye,Emmens,vemmense@google.ca,Product Engineer,Honorable
16,Carmita,Ferentz,cferentzf@sphinn.com,Health Coach II,Rev
17,Fergus,Piola,fpiolag@google.co.uk,Assistant Media Planner,Honorable
18,Leoline,Abbett,labbetth@indiegogo.com,Business Systems Development Analyst,Mr
19,Loreen,Downing,ldowningi@ameblo.jp,Senior Editor,Mr
20,Baxie,Pates,bpatesj@europa.eu,Research Assistant I,Dr
21,Rorie,Mayze,rmayzek@cocolog-nifty.com,Desktop Support Technician,Honorable
22,Wald,Balassi,wbalassil@columbia.edu,Research Nurse,Rev
23,Ellynn,Eldred,eeldredm@blogger.com,Nuclear Power Engineer,Rev
24,Hercules,Ruddock,hruddockn@hhs.gov,Statistician III,Mr
25,Kesley,Coppeard,kcoppeardo@mtv.com,Director of Sales,Dr
26,Roanna,Povele,rpovelep@slashdot.org,Physical Therapy Assistant,Honorable
27,Elfreda,McKune,emckuneq@gravatar.com,Web Designer III,Mr
28,Lawrence,Garaway,lgarawayr@aboutads.info,Staff Scientist,Ms
29,Glenda,Gouthier,ggouthiers@smugmug.com,Legal Assistant,Mr
30,Karil,Veque,kvequet@nature.com,Junior Executive,Mrs
31,Raffarty,Mantrip,rmantripu@netvibes.com,Information Systems Manager,Dr
32,Jecho,Yter,jyterv@harvard.edu,Technical Writer,Honorable
33,Wadsworth,Pehrsson,wpehrssonw@netscape.com,Nurse,Rev
34,Denis,Fansy,dfansyx@cnbc.com,Design Engineer,Ms
35,Pietro,Egglestone,pegglestoney@elpais.com,Tax Accountant,Mr
36,Arlan,Kordovani,akordovaniz@virginia.edu,Financial Analyst,Rev
37,Jesus,Hammon,jhammon10@homestead.com,Analog Circuit Design manager,Rev
38,Windy,Axtens,waxtens11@squidoo.com,Geologist III,Dr
39,Perri,Thickett,pthickett12@behance.net,Quality Control Specialist,Rev
40,Gussie,Luckhurst,gluckhurst13@icio.us,Paralegal,Honorable
41,Evvy,Middle,emiddle14@tripadvisor.com,Analyst Programmer,Ms
42,Abbi,Bamling,abamling15@weather.com,Desktop Support Technician,Mr
43,Chilton,McNabb,cmcnabb16@fda.gov,Environmental Tech,Dr
44,Stacey,Sinnie,ssinnie17@redcross.org,Research Assistant III,Ms
45,Shem,Wimbury,swimbury18@nytimes.com,Nurse Practicioner,Rev
46,Gideon,Gorgler,ggorgler19@newyorker.com,Geologist I,Honorable
47,Webster,Guilleton,wguilleton1a@google.ca,General Manager,Honorable
48,Emlynn,Bullers,ebullers1b@time.com,Librarian,Dr
49,Eveline,Horrod,ehorrod1c@tripod.com,Clinical Specialist,Mrs
50,Abagael,Basey,abasey1d@cyberchimps.com,Structural Engineer,Honorable
51,Elna,Sidle,esidle1e@themeforest.net,Occupational Therapist,Rev
52,Estrella,Plaunch,eplaunch1f@google.ca,Accounting Assistant II,Rev
53,Alana,Sayre,asayre1g@army.mil,Research Nurse,Mrs
54,Isidor,Mickleborough,imickleborough1h@altervista.org,Nuclear Power Engineer,Ms
55,Denny,Feldmesser,dfeldmesser1i@tuttocitta.it,Office Assistant IV,Mrs
56,Jayne,Dybell,jdybell1j@fastcompany.com,Staff Accountant III,Mrs
57,Benita,Ballintyne,bballintyne1k@acquirethisname.com,Executive Secretary,Mrs
58,Wallis,Aveling,waveling1l@mozilla.com,Food Chemist,Mr
59,Georgeta,Hockell,ghockell1m@go.com,VP Marketing,Rev
60,Cathi,Cheesley,ccheesley1n@time.com,Food Chemist,Honorable
61,Kelsey,Cave,kcave1o@tiny.cc,Biostatistician II,Mrs
62,Kara-lynn,Simpkin,ksimpkin1p@slate.com,Engineer IV,Mr
63,Moira,Feehan,mfeehan1q@usa.gov,Editor,Dr
64,Hugues,Dorkens,hdorkens1r@yellowbook.com,Staff Scientist,Honorable
65,Gilburt,Drinkwater,gdrinkwater1s@surveymonkey.com,VP Quality Control,Dr
66,Gloriana,Scintsbury,gscintsbury1t@51.la,Staff Scientist,Mr
67,Jasmine,Schiementz,jschiementz1u@dell.com,Geologist I,Honorable
68,Estella,Godley,egodley1v@un.org,Editor,Rev
69,Theodoric,Loram,tloram1w@linkedin.com,Software Engineer II,Mrs
70,Daron,Tumielli,dtumielli1x@unesco.org,Senior Quality Engineer,Ms
71,Barbette,Rawcliff,brawcliff1y@tuttocitta.it,Civil Engineer,Rev
72,Cosme,Freeburn,cfreeburn1z@twitpic.com,Staff Scientist,Mr
73,Vivyanne,Potbury,vpotbury20@sphinn.com,Staff Scientist,Mr
74,Selle,Langelay,slangelay21@flickr.com,Research Associate,Mrs
75,Sileas,Del Monte,sdelmonte22@google.com.au,Administrative Officer,Rev
76,Tildy,Kuhne,tkuhne23@patch.com,Account Executive,Dr
77,Chane,Bitcheno,cbitcheno24@free.fr,Director of Sales,Rev
78,Rhiamon,Quantick,rquantick25@zdnet.com,Clinical Specialist,Ms
79,Burnard,Border,bborder26@bloglines.com,Health Coach III,Dr
80,Evelyn,Leguay,eleguay27@nih.gov,Recruiting Manager,Rev
81,Randall,Hotson,rhotson28@ehow.com,Information Systems Manager,Mrs
82,Yvonne,Pifford,ypifford29@gmpg.org,Senior Developer,Mr
83,Yankee,McKue,ymckue2a@com.com,Associate Professor,Ms
84,Brittaney,Dreini,bdreini2b@eventbrite.com,VP Marketing,Mr
85,Klara,Thurman,kthurman2c@skype.com,Recruiting Manager,Rev
86,Livvyy,Parfrey,lparfrey2d@umn.edu,Payment Adjustment Coordinator,Ms
87,Natka,Forrington,nforrington2e@utexas.edu,Programmer Analyst II,Dr
88,Colin,L'Episcopio,clepiscopio2f@twitter.com,Graphic Designer,Mrs
89,Noami,Cohen,ncohen2g@theatlantic.com,Chemical Engineer,Mrs
90,Melony,Noquet,mnoquet2h@odnoklassniki.ru,VP Product Management,Dr
91,Helenelizabeth,Matevushev,hmatevushev2i@examiner.com,Social Worker,Mr
92,May,Postan,mpostan2j@nih.gov,Analog Circuit Design manager,Ms
93,Renata,Stockey,rstockey2k@macromedia.com,Electrical Engineer,Rev
94,Lil,Camamill,lcamamill2l@cisco.com,Marketing Manager,Rev
95,Conney,McTague,cmctague2m@abc.net.au,Software Consultant,Honorable
96,Nicol,Challener,nchallener2n@upenn.edu,Help Desk Technician,Ms
97,Solly,Lusted,slusted2o@sciencedaily.com,VP Product Management,Dr
98,Erskine,Musselwhite,emusselwhite2p@amazon.co.uk,Technical Writer,Mrs
99,Chandler,Moscon,cmoscon2q@xinhuanet.com,Executive Secretary,Mrs
100,a,a,a@a.a,a,a
